Time,True Values,Calculated Values,Calculated Error(%)
0.000000,2.000000,2.000000,0.000000,
0.100000,2.308790,2.308788,0.000110,
0.300000,2.984620,2.984572,0.001594,
0.700000,4.627790,4.626850,0.020314,
1.500000,9.707042,9.684492,0.232301,
2.300000,19.032970,18.975388,0.302542,
3.100000,36.513777,36.394039,0.327926,
3.900000,69.527950,69.293406,0.337338,
4.700000,132.046298,131.596217,0.340850,
5.500000,250.549212,249.691929,0.342161,
