Time,True Values,Calculated Values,Calculated Error(%)
0.000000,2.000000,2.000000,0.000000,
0.100000,2.308790,2.308798,0.000335,
0.300000,2.984620,2.984675,0.001855,
0.700000,4.627790,4.627974,0.003975,
1.500000,9.707042,9.703033,0.041303,
2.300000,19.032970,19.019556,0.070481,
3.100000,36.513777,36.482513,0.085622,
3.900000,69.527950,69.463469,0.092742,
4.700000,132.046298,131.919673,0.095894,
5.500000,250.549212,250.305591,0.097235,
